{
  "calibration": {
    "x1": 0,
    "y1": 0,
    "latitude1": 52.18534292724928,
    "longitude1": -0.5240081751135837,
    "x2": 1,
    "y2": 1,
    "latitude2": 51.55934131402196,
    "longitude2": 0.9289920551038442,
    "prerotate": 0
  }
}